name,ra,dec,exposure,repetitions
BD+28.4211,327.7959208,28.863989,15,7
HD212311,335.4941667,56.531306,1,7